<?xml version="1.0" encoding="UTF-8" standalone="no"?>
<!-- Licensed Materials - Property of IBM
			 5725-G92 (C) Copyright IBM Corp. 2006, 2013. All Rights Reserved.
			 US Government Users Restricted Rights - Use, duplication or
             disclosure restricted by GSA ADP Schedule Contract with IBM Corp. --><!-- Attribute "id" must be identical to application folder name --><application xmlns="http://www.worklight.com/application-descriptor" id="MobilePaintApp" platformVersion="6.0.0">
    <displayName>MobilePaintApp</displayName>
    <description>MobilePaintApp</description>
    <author>
        <name>application's author</name>
        <email>application author's e-mail</email>
        <homepage>http://mycompany.com</homepage>
        <copyright>Copyright My Company</copyright>
    </author>
    <mainFile>MobilePaintApp.html</mainFile>
    <features/>
    <thumbnailImage>common/images/thumbnail.png</thumbnailImage>
    <android version="1.0">
        <worklightSettings include="true"/>
        <security>
            <encryptWebResources enabled="false"/>
            <testWebResourcesChecksum enabled="false" ignoreFileExtensions="png, jpg, jpeg, gif, mp4, mp3"/>
            <publicSigningKey>Replace this text with the actual public signing key of the certificate used to sign the APK, available by using the 'Extract public signing key' wizard.</publicSigningKey>
        </security>
    </android>
    <mobileWebApp cacheManifest="no-use" version="1.0"/>
    <windows8 version="1.0">
        <uuid>6cb5da2d-d96c-4473-89d2-067dd53d20df</uuid>
    </windows8>
    <air version="1.0">
        <height>420</height>
        <width>320</width>
    </air>
    <desktopBrowser cacheManifest="no-use" version="1.0"/>
</application>
